{"count":1,"gauges":{},"self":2.3855344,"total":4.2890619999999995,"children":{"AgentResetIfDone":{"count":289,"self":0.0102727,"total":0.0102727,"children":null},"AgentSendState":{"count":289,"self":0.0213537,"total":0.0689291,"children":{"CollectObservations":{"count":464,"self":0.0475754,"total":0.0475754,"children":null}}},"DecideAction":{"count":289,"self":1.7694382,"total":1.7694382,"children":null},"AcademyStep":{"count":289,"self":0.0043492999999999995,"total":0.0043492999999999995,"children":null},"AgentAct":{"count":289,"self":0.0488505,"total":0.0488505,"children":null}}}